PRAGMA foreign_keys=OFF;
BEGIN TRANSACTION;
CREATE TABLE IF NOT EXISTS "migration" (
	"version"	INTEGER NOT NULL,
	"subversion"	INTEGER NOT NULL,
	"name"	TEXT NOT NULL,
	"checksum"	TEXT NOT NULL,
	PRIMARY KEY("version","subversion")
);
INSERT INTO migration VALUES(1,0,'1_0_create_db','eb8956f072d5424bcfe5e0f870eb3ab8');
INSERT INTO migration VALUES(2,0,'2_0_add_tip_radius','464b7aa57046d2a2ef2dd5720a1e6bb9');
INSERT INTO migration VALUES(3,0,'3_0_tool_number','9dacf3050174eccbee215f0336e53cc1');
INSERT INTO migration VALUES(4,0,'4_0_tool_name_format','42c3df3b53166c1fdc90a9cbfea9e715');
INSERT INTO migration VALUES(5,0,'5_0_laser_watt','84a9f320f2c16fac892f5424b5996ae2');
INSERT INTO migration VALUES(6,0,'6_0_upload_data','60007cc6288adf2462b10a8aa89c6fe4');
INSERT INTO migration VALUES(7,0,'7_0_custom_fields','8493fbdc67e7b15ccafc51daed0da18c');
INSERT INTO migration VALUES(8,0,'8_0_thread_milling_fields','0b28c0b6db82b65d55f3a48be9ccd47e');
INSERT INTO migration VALUES(9,0,'9_0_thread_milling_fields_2','ad107ae3ba987dd2976258e7792cde10');
INSERT INTO migration VALUES(10,0,'10_0_laser_head','f33a83a72fd722ff5265f3f28cd3b1b9');
CREATE TABLE IF NOT EXISTS "version" (
	"version"	INTEGER NOT NULL UNIQUE,
	PRIMARY KEY("version")
);
INSERT INTO version VALUES(1);
CREATE TABLE IF NOT EXISTS "tool_tree_entry" (
	"id"	TEXT NOT NULL UNIQUE,
	"parent_group_id"	TEXT,
	"sibling_order"	INTEGER NOT NULL,
	"tool_geometry_id"	TEXT UNIQUE,
	"name"	TEXT,
	"notes"	TEXT,
	"expanded"	INTEGER,
	FOREIGN KEY("tool_geometry_id") REFERENCES "tool_geometry"("id"),
	PRIMARY KEY("id","parent_group_id","sibling_order"),
	FOREIGN KEY("parent_group_id") REFERENCES "tool_tree_entry"("id")
);
INSERT INTO tool_tree_entry VALUES('b97d4dd6-5777-4c86-91bd-ee984d037422',NULL,0,NULL,'Imperial Tools','Default sample tool set, defined using inch units.',0);
INSERT INTO tool_tree_entry VALUES('d0abc99c-5d00-4600-a3ac-5c6be6d181f4','b97d4dd6-5777-4c86-91bd-ee984d037422',0,NULL,'End Mills','Any tool with straight side and a flat bottom.',1);
INSERT INTO tool_tree_entry VALUES('e2d3e7b0-eef4-4809-b6e1-d9decba031bb','b97d4dd6-5777-4c86-91bd-ee984d037422',1,NULL,'Ball Nose','Any tool with a straight side and a radiused bottom.',1);
INSERT INTO tool_tree_entry VALUES('f6866a97-aaea-4d16-a94d-0f93fbe62d59','b97d4dd6-5777-4c86-91bd-ee984d037422',2,NULL,'V-Bits','Any tool with one or more angled cutting edges that comes to a sharp central point.',1);
INSERT INTO tool_tree_entry VALUES('3d409d4f-3821-41ac-9b05-afb9a4e624b5','b97d4dd6-5777-4c86-91bd-ee984d037422',3,NULL,'Form Tools',replace(replace('An irregular profiled tool.\r\nTo create:  Draw a single vector that defines the right hand half of the tool,\r\nfrom the lower centerpoint of the tool to the top right edge.\r\nthe profile may not double back from the furtherst right hand point toward the center.','\r',char(13)),'\n',char(10)),1);
INSERT INTO tool_tree_entry VALUES('83f85fdf-e4a0-43e4-89af-a7dd0d822234','b97d4dd6-5777-4c86-91bd-ee984d037422',4,NULL,'Engraving','Any tool that has a flat bottom and an angled cutting edge.',1);
INSERT INTO tool_tree_entry VALUES('49fb785c-3378-45e4-a9b8-ce43ed0479e2','b97d4dd6-5777-4c86-91bd-ee984d037422',5,NULL,'Specialist','',1);
INSERT INTO tool_tree_entry VALUES('ba6ca454-862e-4a65-920a-45ecd69e8170','b97d4dd6-5777-4c86-91bd-ee984d037422',6,NULL,'Drills','Standard drill tools.',1);
INSERT INTO tool_tree_entry VALUES('b15c93f8-5430-436c-a31f-9b407cc25e2a','d0abc99c-5d00-4600-a3ac-5c6be6d181f4',0,'4622bec3-4406-415b-87e1-2ebd21075dcc',NULL,NULL,NULL);
INSERT INTO tool_tree_entry VALUES('ff66aeaa-f91f-48f1-bf29-01262741133d','d0abc99c-5d00-4600-a3ac-5c6be6d181f4',1,'b47d33d2-fe1f-4efe-8d8f-9258375b12cf',NULL,NULL,NULL);
INSERT INTO tool_tree_entry VALUES('286d54a0-02db-4c3a-8747-2a4197f46e52','d0abc99c-5d00-4600-a3ac-5c6be6d181f4',2,'be7493f9-8b8f-4771-b8c7-6437fbaf0b29',NULL,NULL,NULL);
INSERT INTO tool_tree_entry VALUES('03d3bd3e-86bb-4fbc-b98f-4f7ede7c4a02','d0abc99c-5d00-4600-a3ac-5c6be6d181f4',3,'73861fdb-12d5-4622-8d11-6ba92b500030',NULL,NULL,NULL);
INSERT INTO tool_tree_entry VALUES('95e14325-a597-4bd9-ba1b-17cf9658c876','d0abc99c-5d00-4600-a3ac-5c6be6d181f4',4,'f75ef6d3-40e2-477b-ad9d-5b4d7d6e8236',NULL,NULL,NULL);
INSERT INTO tool_tree_entry VALUES('42a09352-7ea0-422a-802f-24ebfc208060','d0abc99c-5d00-4600-a3ac-5c6be6d181f4',5,'e1cb82cf-aecf-4539-8a4f-1a20a6f6ae58',NULL,NULL,NULL);
INSERT INTO tool_tree_entry VALUES('650d839b-e020-4b30-9cfc-7b19b8f8222b','e2d3e7b0-eef4-4809-b6e1-d9decba031bb',0,'a8884c55-0191-455e-81de-c5b20021ce4c',NULL,NULL,NULL);
INSERT INTO tool_tree_entry VALUES('37330852-a926-4aee-81eb-001b0dda148a','e2d3e7b0-eef4-4809-b6e1-d9decba031bb',1,'a1527fe3-e794-4c81-adac-72bf56bef673',NULL,NULL,NULL);
INSERT INTO tool_tree_entry VALUES('f2ebbe36-42ce-4ad4-af73-453f126ed13b','e2d3e7b0-eef4-4809-b6e1-d9decba031bb',2,'a0ccfd2c-92a9-4843-b121-a4acb77d443a',NULL,NULL,NULL);
INSERT INTO tool_tree_entry VALUES('677bed62-53ed-46d8-b70b-ffd64e076bee','e2d3e7b0-eef4-4809-b6e1-d9decba031bb',3,'c931271c-c6e2-4bf3-bd6e-18205002f9b7',NULL,NULL,NULL);
INSERT INTO tool_tree_entry VALUES('f82ec9d6-8809-430f-84d6-c4d949e268e5','e2d3e7b0-eef4-4809-b6e1-d9decba031bb',4,'042aab09-6e04-4bde-9b9a-9638084868d3',NULL,NULL,NULL);
INSERT INTO tool_tree_entry VALUES('7282912c-887a-4f78-a71e-a80d7b96e460','e2d3e7b0-eef4-4809-b6e1-d9decba031bb',5,'9c9e1482-0e4f-4408-9530-0db4b869d111',NULL,NULL,NULL);
INSERT INTO tool_tree_entry VALUES('a4ab3db9-7f25-49be-8c0b-b7d6034d56c4','f6866a97-aaea-4d16-a94d-0f93fbe62d59',0,'560080b2-8324-4b14-8d25-dad54e0a14eb',NULL,NULL,NULL);
INSERT INTO tool_tree_entry VALUES('146382ec-5d4b-4fa9-94a7-c46c838f9c87','f6866a97-aaea-4d16-a94d-0f93fbe62d59',1,'180b267f-7fc9-4b08-8c5b-27df0a1780ee',NULL,NULL,NULL);
INSERT INTO tool_tree_entry VALUES('ac6070f0-096d-4b83-8dc2-782bd2db1956','f6866a97-aaea-4d16-a94d-0f93fbe62d59',2,'8dd3c0d8-30fe-424e-bec0-1a1667321983',NULL,NULL,NULL);
INSERT INTO tool_tree_entry VALUES('ed3b7e3d-22da-45bf-aaed-a511cc35bcd7','f6866a97-aaea-4d16-a94d-0f93fbe62d59',3,'6fc93fa5-4c2c-4b40-81cd-96119a91fa6f',NULL,NULL,NULL);
INSERT INTO tool_tree_entry VALUES('478a2d7b-4ae6-4c0f-b2e0-a041f134a17a','3d409d4f-3821-41ac-9b05-afb9a4e624b5',0,'28e3245a-79fe-4e18-94d6-23b7c1eac9f5',NULL,NULL,NULL);
INSERT INTO tool_tree_entry VALUES('5b24277c-fce6-4e17-9c3e-716863f33e93','3d409d4f-3821-41ac-9b05-afb9a4e624b5',1,'0c9acb06-80bd-4f63-9e9f-8a10d8e06a7d',NULL,NULL,NULL);
INSERT INTO tool_tree_entry VALUES('dcbc8b50-9ada-499b-8a5a-187574f92dae','83f85fdf-e4a0-43e4-89af-a7dd0d822234',0,'8c64bdc7-a4ac-4111-9911-d690a409e8c9',NULL,NULL,NULL);
INSERT INTO tool_tree_entry VALUES('d056ca1a-d25c-4b51-8d79-a85571270610','83f85fdf-e4a0-43e4-89af-a7dd0d822234',1,'44230771-834e-47a8-b2f2-d1c8de39d683',NULL,NULL,NULL);
INSERT INTO tool_tree_entry VALUES('25c945a4-61f1-4d0d-8c10-ce3a81f72e66','49fb785c-3378-45e4-a9b8-ce43ed0479e2',0,'23e8ebfb-3db6-413f-ba21-700661995a1d',NULL,NULL,NULL);
INSERT INTO tool_tree_entry VALUES('b7bd6586-38e2-4343-aa0c-b14e702b3a89','ba6ca454-862e-4a65-920a-45ecd69e8170',0,'26212541-0e45-4ff7-8ccd-fb203b58fe6c',NULL,NULL,NULL);
INSERT INTO tool_tree_entry VALUES('5e7771a8-d091-4277-8ba8-bcff6bd930dc','ba6ca454-862e-4a65-920a-45ecd69e8170',1,'8eb19ce0-34c1-4841-a478-c6a8cf59d155',NULL,NULL,NULL);
CREATE TABLE IF NOT EXISTS "tool_geometry" (
	"id"	TEXT NOT NULL UNIQUE,
	"name_format"	TEXT NOT NULL,
	"notes"	TEXT,
	"tool_type"	INTEGER NOT NULL,
	"units"	INTEGER NOT NULL,
	"diameter"	REAL,
	"included_angle"	REAL,
	"flat_diameter"	REAL,
	"num_flutes"	INTEGER,
	"flute_length"	REAL,
	"thread_pitch"	REAL,
	"outline"	BLOB, "tip_radius" REAL, "laser_watt" INTEGER, "custom_attributes" TEXT, "tooth_size" REAL, "tooth_offset" REAL, "neck_length" REAL, "tooth_height" REAL, "threaded_length" REAL,
	PRIMARY KEY("id")
);
INSERT INTO tool_geometry VALUES('4622bec3-4406-415b-87e1-2ebd21075dcc','{Tool Type} ({Diameter|F}{Units Short})','',1,1,0.03125,NULL,NULL,2,NULL,NULL,NULL,NULL,NULL,NULL,NULL,NULL,NULL,NULL,NULL);
INSERT INTO tool_geometry VALUES('b47d33d2-fe1f-4efe-8d8f-9258375b12cf','{Tool Type} ({Diameter|F}{Units Short})','',1,1,0.0625,NULL,NULL,2,NULL,NULL,NULL,NULL,NULL,NULL,NULL,NULL,NULL,NULL,NULL);
INSERT INTO tool_geometry VALUES('be7493f9-8b8f-4771-b8c7-6437fbaf0b29','{Tool Type} ({Diameter|F}{Units Short})','',1,1,0.125,NULL,NULL,2,NULL,NULL,NULL,NULL,NULL,NULL,NULL,NULL,NULL,NULL,NULL);
INSERT INTO tool_geometry VALUES('73861fdb-12d5-4622-8d11-6ba92b500030','{Tool Type} ({Diameter|F}{Units Short})','',1,1,0.25,NULL,NULL,2,NULL,NULL,NULL,NULL,NULL,NULL,NULL,NULL,NULL,NULL,NULL);
INSERT INTO tool_geometry VALUES('f75ef6d3-40e2-477b-ad9d-5b4d7d6e8236','{Tool Type} ({Diameter|F}{Units Short})','',1,1,0.375,NULL,NULL,2,NULL,NULL,NULL,NULL,NULL,NULL,NULL,NULL,NULL,NULL,NULL);
INSERT INTO tool_geometry VALUES('e1cb82cf-aecf-4539-8a4f-1a20a6f6ae58','{Tool Type} ({Diameter|F}{Units Short})','',1,1,0.5,NULL,NULL,2,NULL,NULL,NULL,NULL,NULL,NULL,NULL,NULL,NULL,NULL,NULL);
INSERT INTO tool_geometry VALUES('a8884c55-0191-455e-81de-c5b20021ce4c','{Tool Type} ({Diameter|F}{Units Short})','',0,1,0.03125,NULL,NULL,2,NULL,NULL,NULL,NULL,NULL,NULL,NULL,NULL,NULL,NULL,NULL);
INSERT INTO tool_geometry VALUES('a1527fe3-e794-4c81-adac-72bf56bef673','{Tool Type} ({Diameter|F}{Units Short})','',0,1,0.0625,NULL,NULL,2,NULL,NULL,NULL,NULL,NULL,NULL,NULL,NULL,NULL,NULL,NULL);
INSERT INTO tool_geometry VALUES('a0ccfd2c-92a9-4843-b121-a4acb77d443a','{Tool Type} ({Diameter|F}{Units Short})','',0,1,0.125,NULL,NULL,2,NULL,NULL,NULL,NULL,NULL,NULL,NULL,NULL,NULL,NULL,NULL);
INSERT INTO tool_geometry VALUES('c931271c-c6e2-4bf3-bd6e-18205002f9b7','{Tool Type} ({Diameter|F}{Units Short})','',0,1,0.25,NULL,NULL,2,NULL,NULL,NULL,NULL,NULL,NULL,NULL,NULL,NULL,NULL,NULL);
INSERT INTO tool_geometry VALUES('042aab09-6e04-4bde-9b9a-9638084868d3','{Tool Type} ({Diameter|F}{Units Short})','',0,1,0.375,NULL,NULL,2,NULL,NULL,NULL,NULL,NULL,NULL,NULL,NULL,NULL,NULL,NULL);
INSERT INTO tool_geometry VALUES('9c9e1482-0e4f-4408-9530-0db4b869d111','{Tool Type} ({Diameter|F}{Units Short})','',0,1,0.5,NULL,NULL,2,NULL,NULL,NULL,NULL,NULL,NULL,NULL,NULL,NULL,NULL,NULL);
INSERT INTO tool_geometry VALUES('560080b2-8324-4b14-8d25-dad54e0a14eb','{Tool Type} ({Included Angle|.0}° - {Diameter|F}{Units Short})','',3,1,0.25,60.0,NULL,2,NULL,NULL,NULL,NULL,NULL,NULL,NULL,NULL,NULL,NULL,NULL);
INSERT INTO tool_geometry VALUES('180b267f-7fc9-4b08-8c5b-27df0a1780ee','{Tool Type} ({Included Angle|.0}° - {Diameter|F}{Units Short})','',3,1,0.5,60.0,NULL,2,NULL,NULL,NULL,NULL,NULL,NULL,NULL,NULL,NULL,NULL,NULL);
INSERT INTO tool_geometry VALUES('8dd3c0d8-30fe-424e-bec0-1a1667321983','{Tool Type} ({Included Angle|.0}° - {Diameter|F}{Units Short})','',3,1,0.5,90.0,NULL,2,NULL,NULL,NULL,NULL,NULL,NULL,NULL,NULL,NULL,NULL,NULL);
INSERT INTO tool_geometry VALUES('6fc93fa5-4c2c-4b40-81cd-96119a91fa6f','{Tool Type} ({Included Angle|.0}° - {Diameter|F}{Units Short})','',3,1,1.25,90.0,NULL,2,NULL,NULL,NULL,NULL,NULL,NULL,NULL,NULL,NULL,NULL,NULL);
INSERT INTO tool_geometry VALUES('28e3245a-79fe-4e18-94d6-23b7c1eac9f5','Ogee - 1/4" Rads 1 1/4" Dia 1/2" Deep','',8,1,1.25,NULL,NULL,2,NULL,NULL,X'010000004c130000000000008900000000000000010000000000000000000000000000000000000088b30608e7f2bf3fb8b17dd2fcabc53e0100000088b30608e7f2bf3fb8b17dd2fcabc53ea8e19377ab0fc03f681ef03e5c69793f01000000a8e19377ab0fc03f681ef03e5c69793ffec7887d442ac03fde76a7e56b4e893f01000000fec7887d442ac03fde76a7e56b4e893f8e6f72a63049c03f7494d0a6dfe6923f010000008e6f72a63049c03f7494d0a6dfe6923f203be102626cc03fad7755c9e918993f01000000203be102626cc03fad7755c9e918993f7a8d65a3ca93c03f224a05f8e93c9f3f010000007a8d65a3ca93c03f224a05f8e93c9f3f66c98f985cbfc03f6c7841e83aa9a23f0100000066c98f985cbfc03f6c7841e83aa9a23fad51f0f209efc03f6da8387891aca53f01000000ad51f0f209efc03f6da8387891aca53f138917c3c422c13f94a7b97a43a8a83f01000000138917c3c422c13f94a7b97a43a8a83f63d295197f5ac13f66e895be1b9cab3f0100000063d295197f5ac13f66e895be1b9cab3f6490fb062b96c13f66dd9e12e587ae3f010000006490fb062b96c13f66dd9e12e587ae3fde25d99bbad5c13f8afcd222b5b5b03f01000000de25d99bbad5c13f8afcd222b5b5b03f98f5bee81f19c23ffc563e133b23b23f0100000098f5bee81f19c23ffc563e133b23b23f5c623dfe4c60c23f4937fac1698cb33f010000005c623dfe4c60c23f4937fac1698cb33feecee4ec33abc23fb3566f9626f1b43f01000000eecee4ec33abc23fb3566f9626f1b43f1a9e45c5c6f9c23f7b6e06f85651b63f010000001a9e45c5c6f9c23f7b6e06f85651b63fa632f097f74bc33fe437284ee0acb73f01000000a632f097f74bc33fe437284ee0acb73f5cef7475b8a1c33f2e6c3d00a803b93f010000005cef7475b8a1c33f2e6c3d00a803b93f0037646efbfac33f9cc4ae759355ba3f010000000037646efbfac33f9cc4ae759355ba3f5c6c4e93b257c43f6efae41588a2bb3f010000005c6c4e93b257c43f6efae41588a2bb3f38f2c3f4cfb7c43fe6c648486beabc3f0100000038f2c3f4cfb7c43fe6c648486beabc3f5d2b55a3451bc53f46e34274222dbe3f010000005d2b55a3451bc53f46e34274222dbe3f917a92af0582c53fce083c01936abf3f01000000917a92af0582c53fce083c01936abf3f9d420c2a02ecc53f61784e2b5151c03f010000009d420c2a02ecc53f61784e2b5151c03f48e652232d59c63f322ae7ed9aeac03f0100000048e652232d59c63f322ae7ed9aeac03f5bc8f6ab78c9c63f79761c7c1981c13f010000005bc8f6ab78c9c63f79761c7c1981c13f9d4b88d4d63cc73fd9b9a289bf14c23f010000009d4b88d4d63cc73fd9b9a289bf14c23fd6d297ad39b3c73ff1502eca7fa5c23f01000000d6d297ad39b3c73ff1502eca7fa5c23fcec0b547932cc83f629873f14c33c33f01000000cec0b547932cc83f629873f14c33c33f4e7872b3d5a8c83fceec26b319bec33f010000004e7872b3d5a8c83fceec26b319bec33f1c5c5e01f327c93fd4aafcc2d845c43f010000001c5c5e01f327c93fd4aafcc2d845c43f01cf0942dda9c93f162fa9d47ccac43f0100000001cf0942dda9c93f162fa9d47ccac43fc5330586862eca3f35d6e09bf84bc53f01000000c5330586862eca3f35d6e09bf84bc53f30ede0dde0b5ca3fd1fc57cc3ecac53f0100000030ede0dde0b5ca3fd1fc57cc3ecac53f085e2d5ade3fcb3f8affc2194245c63f01000000085e2d5ade3fcb3f8affc2194245c63f18e97a0b71cccb3f033bd637f5bcc63f0100000018e97a0b71cccb3f033bd637f5bcc63f26f159028b5bcc3fdb0b46da4a31c73f0100000026f159028b5bcc3fdb0b46da4a31c73ffbd85a4f1eedcc3fb3cec6b435a2c73f01000000fbd85a4f1eedcc3fb3cec6b435a2c73f5e030e031d81cd3f2de00c7ba80fc83f010000005e030e031d81cd3f2de00c7ba80fc83f16d3032e7917ce3fe89ccce09579c83f0100000016d3032e7917ce3fe89ccce09579c83fecaacce024b0ce3f8861ba99f0dfc83f01000000ecaacce024b0ce3f8861ba99f0dfc83fa8edf82b124bcf3fa98a8a59ab42c93f01000000a8edf82b124bcf3fa98a8a59ab42c93f12fe182033e8cf3ff074f1d3b8a1c93f0100000012fe182033e8cf3ff074f1d3b8a1c93f789fdee6bc43d03ffb7ca3bc0bfdc93f01000000789fdee6bc43d03ffb7ca3bc0bfdc93f8809bb226c94d03f6cff54c79654ca3f010000008809bb226c94d03f6cff54c79654ca3f98eee94b20e6d03fe458baa74ca8ca3f0100000098eee94b20e6d03fe458baa74ca8ca3f1280b36ad238d13f04e6871120f8ca3f010000001280b36ad238d13f04e6871120f8ca3f54ef5f877b8cd13f6c0372b80344cb3f0100000054ef5f877b8cd13f6c0372b80344cb3fc56d37aa14e1d13fbb0d2d50ea8bcb3f01000000c56d37aa14e1d13fbb0d2d50ea8bcb3fc82c82db9636d23f96616d8cc6cfcb3f01000000c82c82db9636d23f96616d8cc6cfcb3fc35d8823fb8cd23f9a5be7208b0fcc3f01000000c35d8823fb8cd23f9a5be7208b0fcc3f1732928a3ae4d23f68584fc12a4bcc3f010000001732928a3ae4d23f68584fc12a4bcc3f2adbe7184e3cd33fa4b459219882cc3f010000002adbe7184e3cd33fa4b459219882cc3f5f8ad1d62e95d33fecccbaf4c5b5cc3f010000005f8ad1d62e95d33fecccbaf4c5b5cc3f1b7197ccd5eed33fe4fd26efa6e4cc3f010000001b7197ccd5eed33fe4fd26efa6e4cc3fc0c081023c49d43f28a452c42d0fcd3f01000000c0c081023c49d43f28a452c42d0fcd3fb4aad8805aa4d43f5c1cf2274d35cd3f01000000b4aad8805aa4d43f5c1cf2274d35cd3f5a60e44f2a00d53f1fc3b9cdf756cd3f010000005a60e44f2a00d53f1fc3b9cdf756cd3f1613ed77a45cd53f14f55d692074cd3f010000001613ed77a45cd53f14f55d692074cd3f4cf43a01c2b9d53fda0e93aeb98ccd3f010000004cf43a01c2b9d53fda0e93aeb98ccd3f603516f47b17d63f126d0d51b6a0cd3f01000000603516f47b17d63f126d0d51b6a0cd3fb607c758cb75d63f5e6c810409b0cd3f01000000b607c758cb75d63f5e6c810409b0cd3fb29c9537a9d4d63f5e69a37ca4bacd3f01000000b29c9537a9d4d63f5e69a37ca4bacd3fb625ca980e34d73fb2c0276d7bc0cd3f01000000b625ca980e34d73fb2c0276d7bc0cd3f2bd4ac84f493d73ffbcec28980c1cd3f010000002bd4ac84f493d73ffbcec28980c1cd3fdeba50fee891d73ffa2009f12e51ce3f01000000deba50fee891d73ffa2009f12e51ce3fe9ea07f68891d73fe6f002c7dce0ce3f01000000e9ea07f68891d73fe6f002c7dce0ce3f6b245af9d392d73fbd0546237970cf3f010000006b245af9d392d73fbd0546237970cf3f8227cf95c995d73f7c26681df3ffcf3f010000008227cf95c995d73f7c26681df3ffcf3f4db4ee58699ad73f108d7fe69c47d03f010000004db4ee58699ad73f108d7fe69c47d03feb8a40d0b2a0d73fd253d0241e8fd03f01000000eb8a40d0b2a0d73fd253d0241e8fd03f7a6b4c89a5a8d73f054b71d574d6d03f010000007a6b4c89a5a8d73f054b71d574d6d03f1b169a1141b2d73f25562d84981dd13f010000001b169a1141b2d73f25562d84981dd13f3cf7a4dfcd14d83f3e2be53f451bd13f010000003cf7a4dfcd14d83f3e2be53f451bd13f00fe59b6e476d83f7fd70460741bd13f0100000000fe59b6e476d83f7fd70460741bd13f08ab212f7ed8d83f286fe3221f1ed13f0100000008ab212f7ed8d83f286fe3221f1ed13ff27e64e39239d93f7606d8c63e23d13f01000000f27e64e39239d93f7606d8c63e23d13f5efa8a6c1b9ad93faab1398acc2ad13f010000005efa8a6c1b9ad93faab1398acc2ad13fe99dfd6310fad93f04855fabc134d13f01000000e99dfd6310fad93f04855fabc134d13f35ea24636a59da3fc094a0681741d13f0100000035ea24636a59da3fc094a0681741d13fe05f690322b8da3f1ef55300c74fd13f01000000e05f690322b8da3f1ef55300c74fd13f897f33de2f16db3f5ebad0b0c960d13f01000000897f33de2f16db3f5ebad0b0c960d13fd0c9eb8c8c73db3fbdf86db81874d13f01000000d0c9eb8c8c73db3fbdf86db81874d13f54bffaa830d0db3f7cc48255ad89d13f0100000054bffaa830d0db3f7cc48255ad89d13fb3e0c8cb142cdc3fd93166c680a1d13f01000000b3e0c8cb142cdc3fd93166c680a1d13f8daebe8e3187dc3f13556f498cbbd13f010000008daebe8e3187dc3f13556f498cbbd13f83a9448b7fe1dc3f6942f51cc9d7d13f0100000083a9448b7fe1dc3f6942f51cc9d7d13f3252c35af73add3f1a0e4f7f30f6d13f010000003252c35af73add3f1a0e4f7f30f6d13f3929a3969193dd3f65ccd3aebb16d23f010000003929a3969193dd3f65ccd3aebb16d23f38af4cd846ebdd3f8991dae96339d23f0100000038af4cd846ebdd3f8991dae96339d23fcf6428b90f42de3fc471ba6e225ed23f01000000cf6428b90f42de3fc471ba6e225ed23f9cca9ed2e497de3f5681ca7bf084d23f010000009cca9ed2e497de3f5681ca7bf084d23f3e6118bebeecde3f7ed4614fc7add23f010000003e6118bebeecde3f7ed4614fc7add23f56a9fd149640df3f7a7fd727a0d8d23f0100000056a9fd149640df3f7a7fd727a0d8d23f8123b7706393df3f899682437405d33f010000008123b7706393df3f899682437405d33f5f50ad6a1fe5df3fea2dbae03c34d33f010000005f50ad6a1fe5df3fea2dbae03c34d33f4858244ee11ae03fde59d53df364d33f010000004858244ee11ae03fde59d53df364d33f5ae278cfa242e03fa22e2b999097d33f010000005ae278cfa242e03fa22e2b999097d33fb4860886d069e03f74c012310eccd33f01000000b4860886d069e03f74c012310eccd33fa68587be6690e03f9423e3436502d43f01000000a68587be6690e03f9423e3436502d43f801faac561b6e03f436cf30f8f3ad43f01000000801faac561b6e03f436cf30f8f3ad43f909424e8bddbe03fbdae9ad38474d43f01000000909424e8bddbe03fbdae9ad38474d43f2825ab727700e13f42ff2fcd3fb0d43f010000002825ab727700e13f42ff2fcd3fb0d43f9611f2b18a24e13f12720a3bb9edd43f010000009611f2b18a24e13f12720a3bb9edd43f2a9aadf2f347e13f6a1b815bea2cd53f010000002a9aadf2f347e13f6a1b815bea2cd53f34ff9181af6ae13f8a0feb6ccc6dd53f0100000034ff9181af6ae13f8a0feb6ccc6dd53f038153abb98ce13fb0629fad58b0d53f01000000038153abb98ce13fb0629fad58b0d53fe75fa6bc0eaee13f1c29f55b88f4d53f01000000e75fa6bc0eaee13f1c29f55b88f4d53f30dc3e02abcee13f0e7743b6543ad63f0100000030dc3e02abcee13f0e7743b6543ad63f2c36d1c88aeee13fc360e1fab681d63f010000002c36d1c88aeee13fc360e1fab681d63f2cae115daa0de23f7afa2568a8cad63f010000002cae115daa0de23f7afa2568a8cad63f8084b40b062ce23f7358683c2215d73f010000008084b40b062ce23f7358683c2215d73f77f96d219a49e23fec8effb51d61d73f0100000077f96d219a49e23fec8effb51d61d73f604df2ea6266e23f24b2421394aed73f01000000604df2ea6266e23f24b2421394aed73f8bc0f5b45c82e23f5ad688927efdd73f010000008bc0f5b45c82e23f5ad688927efdd73f48932ccc839de23fce0f2972d64dd83f0100000048932ccc839de23fce0f2972d64dd83fe7054b7dd4b7e23fbe727af0949fd83f01000000e7054b7dd4b7e23fbe727af0949fd83fb65805154bd1e23f6913d44bb3f2d83f01000000b65805154bd1e23f6913d44bb3f2d83f06cc0fe0e3e9e23f0f068dc22a47d93f0100000006cc0fe0e3e9e23f0f068dc22a47d93f26a01e2b9b01e33fee5efc92f49cd93f0100000026a01e2b9b01e33fee5efc92f49cd93f6615e6426d18e33f443279fb09f4d93f010000006615e6426d18e33f443279fb09f4d93f166c1a74562ee33f51945a3a644cda3f01000000166c1a74562ee33f51945a3a644cda3f83e46f0b5343e33f5499f78dfca5da3f0100000083e46f0b5343e33f5499f78dfca5da3f00bf9a555f57e33f8c55a734cc00db3f0100000000bf9a555f57e33f8c55a734cc00db3fda3b4f9f776ae33f37ddc06ccc5cdb3f01000000da3b4f9f776ae33f37ddc06ccc5cdb3f649b4135987ce33f95449b74f6b9db3f01000000649b4135987ce33f95449b74f6b9db3fea1d2664bd8de33fe49f8d8a4318dc3f01000000ea1d2664bd8de33fe49f8d8a4318dc3fbe03b178e39de33f6403efecac77dc3f01000000be03b178e39de33f6403efecac77dc3f2c8d96bf06ade33f548316da2bd8dc3f010000002c8d96bf06ade33f548316da2bd8dc3f88fa8a8523bbe33ff3335b90b939dd3f0100000088fa8a8523bbe33ff3335b90b939dd3f208c421736c8e33f7e29144e4f9cdd3f01000000208c421736c8e33f7e29144e4f9cdd3f448271c13ad4e33f36789851e6ffdd3f01000000448271c13ad4e33f36789851e6ffdd3f421dccd02ddfe33f58343fd97764de3f01000000421dccd02ddfe33f58343fd97764de3f6b9d06920be9e33f26725f23fdc9de3f010000006b9d06920be9e33f26725f23fdc9de3f0e43d551d0f1e33fdc45506e6f30df3f010000000e43d551d0f1e33fdc45506e6f30df3f7a4eec5c78f9e33fbbc368f8c797df3f010000007a4eec5c78f9e33fbbc368f8c797df3f000000000000e43f000000000000e03f00000000',NULL,NULL,NULL,NULL,NULL,NULL,NULL,NULL);
INSERT INTO tool_geometry VALUES('0c9acb06-80bd-4f63-9e9f-8a10d8e06a7d','Roundover - 3/8" Rad 1" Dia x 1/2" Deep','',8,1,1.0,NULL,NULL,2,NULL,NULL,X'010000007c000000000000000300000000000000010000000000000000000000000000000000000008d442245213c03f00000000000000000200000008d442245213c03f0000000000000000000000000000e03fd8a32ce73d25d83f14e875ceaf07dabf01000000000000000000e03fd8a32ce73d25d83f000000000000e03f000000000000e03f00000000',NULL,NULL,NULL,NULL,NULL,NULL,NULL,NULL);
INSERT INTO tool_geometry VALUES('8c64bdc7-a4ac-4111-9911-d690a409e8c9','{Tool Type} ({Side Angle|.0}°, Tip {Flat Diameter} - {Diameter|F}{Units Short})','',4,1,0.125,30.0,0.010000000000000000208,1,NULL,NULL,NULL,NULL,NULL,NULL,NULL,NULL,NULL,NULL,NULL);
INSERT INTO tool_geometry VALUES('44230771-834e-47a8-b2f2-d1c8de39d683','{Tool Type} ({Side Angle|.0}°, Tip {Flat Diameter} - {Diameter|F}{Units Short})','',4,1,0.25,20.0,0.019999999552965164184,1,NULL,NULL,NULL,NULL,NULL,NULL,NULL,NULL,NULL,NULL,NULL);
INSERT INTO tool_geometry VALUES('23e8ebfb-3db6-413f-ba21-700661995a1d','{Tool Type} ({Included Angle|.0}° - {Diameter|F}{Units Short} - {Line Width}{Units Short} Line Width)','',9,1,0.125,90.0,NULL,NULL,NULL,NULL,NULL,NULL,NULL,NULL,NULL,NULL,NULL,NULL,NULL);
INSERT INTO tool_geometry VALUES('26212541-0e45-4ff7-8ccd-fb203b58fe6c','{Tool Type} ({Included Angle|.0}° - {Diameter|F}{Units Short})','',6,1,0.125,117.99999999999999999,NULL,2,NULL,NULL,NULL,NULL,NULL,NULL,NULL,NULL,NULL,NULL,NULL);
INSERT INTO tool_geometry VALUES('8eb19ce0-34c1-4841-a478-c6a8cf59d155','{Tool Type} ({Included Angle|.0}° - {Diameter|F}{Units Short})','',6,1,0.25,117.99999999999999999,NULL,2,NULL,NULL,NULL,NULL,NULL,NULL,NULL,NULL,NULL,NULL,NULL);
CREATE TABLE IF NOT EXISTS "machine" (
	"id"	TEXT NOT NULL UNIQUE,
	"name"	TEXT NOT NULL UNIQUE,
	"make"	TEXT,
	"model"	TEXT,
	"controller_type"	TEXT,
	"dimensions_units"	INTEGER,
	"max_width"	REAL,
	"max_height"	REAL,
	"support_rotary"	INTEGER,
	"support_tool_change"	INTEGER, "has_laser_head" INTEGER,
	PRIMARY KEY("id")
);
INSERT INTO machine VALUES('cf1393e0-7fb9-47a5-ab2c-6d7167eab77c','FCCH 48x48','Custom','FCCH 48x48','G-Code',1,48.000000000000000001,48.000000000000000001,NULL,NULL,NULL);
CREATE TABLE IF NOT EXISTS "material" (
	"id"	TEXT NOT NULL UNIQUE,
	"name"	TEXT NOT NULL UNIQUE,
	PRIMARY KEY("id")
);
INSERT INTO material VALUES('8180ddd4-e625-4c23-b69f-d17a95f385a8','Softwood');
CREATE TABLE IF NOT EXISTS "tool_cutting_data" (
	"id"	TEXT NOT NULL UNIQUE,
	"rate_units"	INTEGER NOT NULL,
	"feed_rate"	REAL,
	"plunge_rate"	REAL,
	"spindle_speed"	INTEGER,
	"spindle_dir"	INTEGER,
	"stepdown"	REAL,
	"stepover"	REAL,
	"clear_stepover"	REAL,
	"thread_depth"	REAL,
	"thread_step_in"	REAL,
	"laser_power"	REAL,
	"laser_passes"	INTEGER,
	"laser_burn_rate"	REAL,
	"line_width"	REAL, "length_units" INTEGER NOT NULL DEFAULT 0, "tool_number" INTEGER, "laser_kerf" INTEGER, "notes" TEXT,
	PRIMARY KEY("id")
);
INSERT INTO tool_cutting_data VALUES('3dff791f-23ad-4165-8bc4-ee0a04464c16',4,25.0,9.0,17000,NULL,0.010000000000000000208,0.0078125,NULL,NULL,NULL,NULL,NULL,NULL,NULL,1,NULL,NULL,NULL);
INSERT INTO tool_cutting_data VALUES('3a03bdf1-9d72-48ce-808b-87903903a80d',4,NULL,NULL,NULL,NULL,NULL,NULL,NULL,NULL,NULL,NULL,NULL,NULL,NULL,0,1,NULL,NULL);
INSERT INTO tool_cutting_data VALUES('081b8e2a-8514-456a-91f3-2825fb43bfc5',4,39.0,11.0,17000,NULL,0.020000000000000000416,0.018749999999999999306,NULL,NULL,NULL,NULL,NULL,NULL,NULL,1,NULL,NULL,NULL);
INSERT INTO tool_cutting_data VALUES('58017b6d-d215-4f0e-855e-e51f79cf97f8',4,NULL,NULL,NULL,NULL,NULL,NULL,NULL,NULL,NULL,NULL,NULL,NULL,NULL,0,2,NULL,NULL);
INSERT INTO tool_cutting_data VALUES('5f87305f-32f9-495d-bb21-cc0e6c71d43d',4,44.0,12.999999999999999999,17000,NULL,0.029999999999999998889,0.050000000000000002775,NULL,NULL,NULL,NULL,NULL,NULL,NULL,1,NULL,NULL,NULL);
INSERT INTO tool_cutting_data VALUES('a3df7ba3-f5e0-47c4-bc6f-440588a4a9fe',4,NULL,NULL,NULL,NULL,NULL,NULL,NULL,NULL,NULL,NULL,NULL,NULL,NULL,0,3,NULL,NULL);
INSERT INTO tool_cutting_data VALUES('2b44f183-a30e-47f7-8f91-5a077b83474e',4,50.0,17.0,17000,NULL,0.074999999999999997224,0.10000000000000000555,NULL,NULL,NULL,NULL,NULL,NULL,NULL,1,NULL,NULL,NULL);
INSERT INTO tool_cutting_data VALUES('f7f9fe2b-7342-4098-abb8-a90d44ecc844',4,NULL,NULL,NULL,NULL,NULL,NULL,NULL,NULL,NULL,NULL,NULL,NULL,NULL,0,4,NULL,NULL);
INSERT INTO tool_cutting_data VALUES('c101462b-f5d5-46f0-a240-627f16e8d262',4,27.999999999999999999,9.0,17000,NULL,0.020000000000000000416,0.002500000000000000052,NULL,NULL,NULL,NULL,NULL,NULL,NULL,1,NULL,NULL,NULL);
INSERT INTO tool_cutting_data VALUES('8d24ef03-a689-4671-a5e2-3b63486d1806',4,NULL,NULL,NULL,NULL,NULL,NULL,NULL,NULL,NULL,NULL,NULL,NULL,NULL,0,5,NULL,NULL);
INSERT INTO tool_cutting_data VALUES('427de4cb-f74e-4344-88e5-d1bd2cf3511a',4,39.0,11.0,17000,NULL,0.020000000000000000416,0.005000000000000000104,NULL,NULL,NULL,NULL,NULL,NULL,NULL,1,NULL,NULL,NULL);
INSERT INTO tool_cutting_data VALUES('d95df312-455e-458d-a2d4-5f18c5dfafd7',4,NULL,NULL,NULL,NULL,NULL,NULL,NULL,NULL,NULL,NULL,NULL,NULL,NULL,0,6,NULL,NULL);
INSERT INTO tool_cutting_data VALUES('62121a9f-23d7-4bf5-a722-227d042df8d0',4,44.0,12.999999999999999999,17000,NULL,0.029999999999999998889,0.010000000000000000208,NULL,NULL,NULL,NULL,NULL,NULL,NULL,1,NULL,NULL,NULL);
INSERT INTO tool_cutting_data VALUES('c9992339-0dbc-41fa-8c4e-c61bd379ef63',4,NULL,NULL,NULL,NULL,NULL,NULL,NULL,NULL,NULL,NULL,NULL,NULL,NULL,0,7,NULL,NULL);
INSERT INTO tool_cutting_data VALUES('c1f8aca0-62ba-44dd-8cb8-2f190022ae74',4,50.0,17.0,17000,NULL,0.074999999999999997224,0.020000000000000000416,NULL,NULL,NULL,NULL,NULL,NULL,NULL,1,NULL,NULL,NULL);
INSERT INTO tool_cutting_data VALUES('6ccbb0d5-66f9-424c-a58a-acdbf19e6207',4,NULL,NULL,NULL,NULL,NULL,NULL,NULL,NULL,NULL,NULL,NULL,NULL,NULL,0,8,NULL,NULL);
INSERT INTO tool_cutting_data VALUES('0146e6c7-3e98-47f3-8ad8-5b5427aa5ccd',4,32.999999999999999999,11.0,13000,NULL,0.050000000000000002775,0.005000000000000000104,0.050000000000000002775,NULL,NULL,NULL,NULL,NULL,NULL,1,NULL,NULL,NULL);
INSERT INTO tool_cutting_data VALUES('1200f0d7-e3a9-4395-be53-d4e3ef936a6d',4,NULL,NULL,NULL,NULL,NULL,NULL,NULL,NULL,NULL,NULL,NULL,NULL,NULL,0,9,NULL,NULL);
INSERT INTO tool_cutting_data VALUES('e20d8acd-7553-4535-8e57-58dd6f516964',4,32.999999999999999999,11.0,13000,NULL,0.050000000000000002775,0.010000000000000000208,0.10000000000000000555,NULL,NULL,NULL,NULL,NULL,NULL,1,NULL,NULL,NULL);
INSERT INTO tool_cutting_data VALUES('c80670d0-eedf-4df2-bc36-3e43dda0efa9',4,NULL,NULL,NULL,NULL,NULL,NULL,NULL,NULL,NULL,NULL,NULL,NULL,NULL,0,10,NULL,NULL);
INSERT INTO tool_cutting_data VALUES('c0afcb2c-c8e0-4fb1-93a4-d45d49a92486',4,45.0,15.0,13000,NULL,0.10000000000000000555,0.010000000000000000208,0.10000000000000000555,NULL,NULL,NULL,NULL,NULL,NULL,1,NULL,NULL,NULL);
INSERT INTO tool_cutting_data VALUES('83a4a364-e3bd-4805-a8df-d9624c8633f5',4,NULL,NULL,NULL,NULL,NULL,NULL,NULL,NULL,NULL,NULL,NULL,NULL,NULL,0,11,NULL,NULL);
INSERT INTO tool_cutting_data VALUES('0561e4d0-db69-4879-bb61-c6c1bde3dbdb',4,65.999999999999999999,17.0,13000,NULL,0.25,0.25,NULL,NULL,NULL,NULL,NULL,NULL,NULL,1,NULL,NULL,NULL);
INSERT INTO tool_cutting_data VALUES('912c0614-2b95-448c-843e-7a0837a01a0d',4,NULL,NULL,NULL,NULL,NULL,NULL,NULL,NULL,NULL,NULL,NULL,NULL,NULL,0,12,NULL,NULL);
INSERT INTO tool_cutting_data VALUES('d2a0185f-33ac-4be6-915c-c44d703e322a',4,65.999999999999999999,17.0,13000,NULL,0.25,0.2000000000000000111,NULL,NULL,NULL,NULL,NULL,NULL,NULL,1,NULL,NULL,NULL);
INSERT INTO tool_cutting_data VALUES('79673065-ec09-4024-8736-bedae6b61371',4,NULL,NULL,NULL,NULL,NULL,NULL,NULL,NULL,NULL,NULL,NULL,NULL,NULL,0,13,NULL,NULL);
INSERT INTO tool_cutting_data VALUES('604f2506-f37d-417a-8e6f-5c63a20c99ea',4,39.0,17.0,15000,NULL,0.020000000000000000416,0.0010000000000000000208,0.0030000000000000000624,NULL,NULL,NULL,NULL,NULL,NULL,1,NULL,NULL,NULL);
INSERT INTO tool_cutting_data VALUES('15916506-4148-4123-aeb7-cc6d0ed27453',4,NULL,NULL,NULL,NULL,NULL,NULL,NULL,NULL,NULL,NULL,NULL,NULL,NULL,0,14,NULL,NULL);
INSERT INTO tool_cutting_data VALUES('26a9d9f5-7752-4195-9a3c-3532b356cbb8',4,39.0,17.0,15000,NULL,0.020000000000000000416,0.0019999999552965165051,0.0059999998658895490818,NULL,NULL,NULL,NULL,NULL,NULL,1,NULL,NULL,NULL);
INSERT INTO tool_cutting_data VALUES('eda18ea8-e91c-4d8e-b233-59fbb5fd6fab',4,NULL,NULL,NULL,NULL,NULL,NULL,NULL,NULL,NULL,NULL,NULL,NULL,NULL,0,15,NULL,NULL);
INSERT INTO tool_cutting_data VALUES('55b1137c-ca24-4817-9427-06f667893c63',4,32.999999999999999999,11.0,0,NULL,NULL,0.012500000000000000693,NULL,NULL,NULL,NULL,NULL,NULL,0.0020000000000000000416,1,NULL,NULL,NULL);
INSERT INTO tool_cutting_data VALUES('e6cea1c1-06ff-484f-ae31-12d212a70cb9',4,NULL,NULL,NULL,NULL,NULL,NULL,NULL,NULL,NULL,NULL,NULL,NULL,NULL,0,16,NULL,NULL);
INSERT INTO tool_cutting_data VALUES('da8075a9-dea7-4faf-a653-e1f6ae5073d7',4,NULL,22.0,13000,NULL,0.10000000000000000555,NULL,NULL,NULL,NULL,NULL,NULL,NULL,NULL,1,NULL,NULL,NULL);
INSERT INTO tool_cutting_data VALUES('fcb06685-44ec-40e8-a6e9-f6e94b8d0afa',4,NULL,NULL,NULL,NULL,NULL,NULL,NULL,NULL,NULL,NULL,NULL,NULL,NULL,0,17,NULL,NULL);
INSERT INTO tool_cutting_data VALUES('5db84e61-f7b0-415a-99ef-e6da5b3b99a8',4,NULL,27.999999999999999999,13000,NULL,0.2000000000000000111,NULL,NULL,NULL,NULL,NULL,NULL,NULL,NULL,1,NULL,NULL,NULL);
INSERT INTO tool_cutting_data VALUES('a0df7a5a-f1fb-49f9-a075-93e7faed2d75',4,NULL,NULL,NULL,NULL,NULL,NULL,NULL,NULL,NULL,NULL,NULL,NULL,NULL,0,18,NULL,NULL);
CREATE TABLE IF NOT EXISTS "tool_entity" (
	"id"	TEXT NOT NULL UNIQUE,
	"material_id"	TEXT,
	"machine_id"	TEXT,
	"tool_geometry_id"	TEXT,
	"tool_cutting_data_id"	TEXT NOT NULL,
	PRIMARY KEY("tool_geometry_id","material_id","machine_id"),
	FOREIGN KEY("material_id") REFERENCES "material"("id"),
	FOREIGN KEY("machine_id") REFERENCES "machine"("id"),
	FOREIGN KEY("tool_geometry_id") REFERENCES "tool_geometry"("id"),
	FOREIGN KEY("tool_cutting_data_id") REFERENCES "tool_cutting_data"("id")
);
INSERT INTO tool_entity VALUES('d3d93ee5-e557-4f9c-aabf-97d4b7849de0','8180ddd4-e625-4c23-b69f-d17a95f385a8','cf1393e0-7fb9-47a5-ab2c-6d7167eab77c','4622bec3-4406-415b-87e1-2ebd21075dcc','3dff791f-23ad-4165-8bc4-ee0a04464c16');
INSERT INTO tool_entity VALUES('26a44ec7-1afb-417d-bd3f-172af245ca59',NULL,'cf1393e0-7fb9-47a5-ab2c-6d7167eab77c','4622bec3-4406-415b-87e1-2ebd21075dcc','3a03bdf1-9d72-48ce-808b-87903903a80d');
INSERT INTO tool_entity VALUES('106d13f7-52ee-4f1e-9ef6-0dbdadbf5170','8180ddd4-e625-4c23-b69f-d17a95f385a8','cf1393e0-7fb9-47a5-ab2c-6d7167eab77c','b47d33d2-fe1f-4efe-8d8f-9258375b12cf','081b8e2a-8514-456a-91f3-2825fb43bfc5');
INSERT INTO tool_entity VALUES('b1b5eb31-ec63-40e0-968d-4ddc341cdbd6',NULL,'cf1393e0-7fb9-47a5-ab2c-6d7167eab77c','b47d33d2-fe1f-4efe-8d8f-9258375b12cf','58017b6d-d215-4f0e-855e-e51f79cf97f8');
INSERT INTO tool_entity VALUES('97e2d2ae-6e7b-462a-8d13-dd68ba6fc189','8180ddd4-e625-4c23-b69f-d17a95f385a8','cf1393e0-7fb9-47a5-ab2c-6d7167eab77c','be7493f9-8b8f-4771-b8c7-6437fbaf0b29','5f87305f-32f9-495d-bb21-cc0e6c71d43d');
INSERT INTO tool_entity VALUES('bdbeb533-3626-4f1c-b9ea-0c824e0982c0',NULL,'cf1393e0-7fb9-47a5-ab2c-6d7167eab77c','be7493f9-8b8f-4771-b8c7-6437fbaf0b29','a3df7ba3-f5e0-47c4-bc6f-440588a4a9fe');
INSERT INTO tool_entity VALUES('23d42b65-6bf3-4d7a-b477-8ccc966d6ce7','8180ddd4-e625-4c23-b69f-d17a95f385a8','cf1393e0-7fb9-47a5-ab2c-6d7167eab77c','73861fdb-12d5-4622-8d11-6ba92b500030','2b44f183-a30e-47f7-8f91-5a077b83474e');
INSERT INTO tool_entity VALUES('062681e9-ea92-4a30-b988-8a59960b8426',NULL,'cf1393e0-7fb9-47a5-ab2c-6d7167eab77c','73861fdb-12d5-4622-8d11-6ba92b500030','f7f9fe2b-7342-4098-abb8-a90d44ecc844');
INSERT INTO tool_entity VALUES('11562d7c-d61a-4742-acfc-df22d6db74cc','8180ddd4-e625-4c23-b69f-d17a95f385a8','cf1393e0-7fb9-47a5-ab2c-6d7167eab77c','a8884c55-0191-455e-81de-c5b20021ce4c','c101462b-f5d5-46f0-a240-627f16e8d262');
INSERT INTO tool_entity VALUES('c1b28297-5797-4c73-8ad3-66f07cf9c9bf',NULL,'cf1393e0-7fb9-47a5-ab2c-6d7167eab77c','a8884c55-0191-455e-81de-c5b20021ce4c','8d24ef03-a689-4671-a5e2-3b63486d1806');
INSERT INTO tool_entity VALUES('8bb723b9-bf4c-488f-8a80-d448ccd2b551','8180ddd4-e625-4c23-b69f-d17a95f385a8','cf1393e0-7fb9-47a5-ab2c-6d7167eab77c','a1527fe3-e794-4c81-adac-72bf56bef673','427de4cb-f74e-4344-88e5-d1bd2cf3511a');
INSERT INTO tool_entity VALUES('6c283310-8251-41a5-871a-9263612cc459',NULL,'cf1393e0-7fb9-47a5-ab2c-6d7167eab77c','a1527fe3-e794-4c81-adac-72bf56bef673','d95df312-455e-458d-a2d4-5f18c5dfafd7');
INSERT INTO tool_entity VALUES('3dac0f76-5275-42b8-b6b4-60c95c65aab6','8180ddd4-e625-4c23-b69f-d17a95f385a8','cf1393e0-7fb9-47a5-ab2c-6d7167eab77c','a0ccfd2c-92a9-4843-b121-a4acb77d443a','62121a9f-23d7-4bf5-a722-227d042df8d0');
INSERT INTO tool_entity VALUES('7f05039d-f689-4b49-89cb-c9954449f8ec',NULL,'cf1393e0-7fb9-47a5-ab2c-6d7167eab77c','a0ccfd2c-92a9-4843-b121-a4acb77d443a','c9992339-0dbc-41fa-8c4e-c61bd379ef63');
INSERT INTO tool_entity VALUES('59820578-9795-41c2-9f7a-7decedc5f3f8','8180ddd4-e625-4c23-b69f-d17a95f385a8','cf1393e0-7fb9-47a5-ab2c-6d7167eab77c','c931271c-c6e2-4bf3-bd6e-18205002f9b7','c1f8aca0-62ba-44dd-8cb8-2f190022ae74');
INSERT INTO tool_entity VALUES('9f48f508-f38c-4003-a6bd-27d7f240df6f',NULL,'cf1393e0-7fb9-47a5-ab2c-6d7167eab77c','c931271c-c6e2-4bf3-bd6e-18205002f9b7','6ccbb0d5-66f9-424c-a58a-acdbf19e6207');
INSERT INTO tool_entity VALUES('1a81bccf-c033-4e31-b968-30c35152fc1f','8180ddd4-e625-4c23-b69f-d17a95f385a8','cf1393e0-7fb9-47a5-ab2c-6d7167eab77c','560080b2-8324-4b14-8d25-dad54e0a14eb','0146e6c7-3e98-47f3-8ad8-5b5427aa5ccd');
INSERT INTO tool_entity VALUES('46a0f31c-3639-4752-8f3c-fca1c5f1eecb',NULL,'cf1393e0-7fb9-47a5-ab2c-6d7167eab77c','560080b2-8324-4b14-8d25-dad54e0a14eb','1200f0d7-e3a9-4395-be53-d4e3ef936a6d');
INSERT INTO tool_entity VALUES('88797b66-c9e9-4c56-954f-9ba547fa70f0','8180ddd4-e625-4c23-b69f-d17a95f385a8','cf1393e0-7fb9-47a5-ab2c-6d7167eab77c','180b267f-7fc9-4b08-8c5b-27df0a1780ee','e20d8acd-7553-4535-8e57-58dd6f516964');
INSERT INTO tool_entity VALUES('17b10db9-f093-4dad-a76f-020f1ae66cb7',NULL,'cf1393e0-7fb9-47a5-ab2c-6d7167eab77c','180b267f-7fc9-4b08-8c5b-27df0a1780ee','c80670d0-eedf-4df2-bc36-3e43dda0efa9');
INSERT INTO tool_entity VALUES('4875d2cd-f4db-4170-bd75-8501cf392036','8180ddd4-e625-4c23-b69f-d17a95f385a8','cf1393e0-7fb9-47a5-ab2c-6d7167eab77c','8dd3c0d8-30fe-424e-bec0-1a1667321983','c0afcb2c-c8e0-4fb1-93a4-d45d49a92486');
INSERT INTO tool_entity VALUES('c800ea68-3bde-4476-9420-04309a7c0d91',NULL,'cf1393e0-7fb9-47a5-ab2c-6d7167eab77c','8dd3c0d8-30fe-424e-bec0-1a1667321983','83a4a364-e3bd-4805-a8df-d9624c8633f5');
INSERT INTO tool_entity VALUES('92042efa-9ac1-4487-9f74-5eb8aa8f0b30','8180ddd4-e625-4c23-b69f-d17a95f385a8','cf1393e0-7fb9-47a5-ab2c-6d7167eab77c','28e3245a-79fe-4e18-94d6-23b7c1eac9f5','0561e4d0-db69-4879-bb61-c6c1bde3dbdb');
INSERT INTO tool_entity VALUES('9abb8248-8d5d-47af-bc13-940ba7dea980',NULL,'cf1393e0-7fb9-47a5-ab2c-6d7167eab77c','28e3245a-79fe-4e18-94d6-23b7c1eac9f5','912c0614-2b95-448c-843e-7a0837a01a0d');
INSERT INTO tool_entity VALUES('9930d432-8b3d-4f62-b069-a5042cc3328e','8180ddd4-e625-4c23-b69f-d17a95f385a8','cf1393e0-7fb9-47a5-ab2c-6d7167eab77c','0c9acb06-80bd-4f63-9e9f-8a10d8e06a7d','d2a0185f-33ac-4be6-915c-c44d703e322a');
INSERT INTO tool_entity VALUES('1f217819-466d-4d4d-9188-61d321c04bd9',NULL,'cf1393e0-7fb9-47a5-ab2c-6d7167eab77c','0c9acb06-80bd-4f63-9e9f-8a10d8e06a7d','79673065-ec09-4024-8736-bedae6b61371');
INSERT INTO tool_entity VALUES('c24808f7-4623-43f6-a2d7-0e83f50cf866','8180ddd4-e625-4c23-b69f-d17a95f385a8','cf1393e0-7fb9-47a5-ab2c-6d7167eab77c','8c64bdc7-a4ac-4111-9911-d690a409e8c9','604f2506-f37d-417a-8e6f-5c63a20c99ea');
INSERT INTO tool_entity VALUES('cc3b6152-6bd5-492b-bf80-5b64f3c57ae7',NULL,'cf1393e0-7fb9-47a5-ab2c-6d7167eab77c','8c64bdc7-a4ac-4111-9911-d690a409e8c9','15916506-4148-4123-aeb7-cc6d0ed27453');
INSERT INTO tool_entity VALUES('21839b13-e1ad-473f-bdf1-be0ec56eedfd','8180ddd4-e625-4c23-b69f-d17a95f385a8','cf1393e0-7fb9-47a5-ab2c-6d7167eab77c','44230771-834e-47a8-b2f2-d1c8de39d683','26a9d9f5-7752-4195-9a3c-3532b356cbb8');
INSERT INTO tool_entity VALUES('f6f818ec-ca3d-4b16-b464-c347838a9d98',NULL,'cf1393e0-7fb9-47a5-ab2c-6d7167eab77c','44230771-834e-47a8-b2f2-d1c8de39d683','eda18ea8-e91c-4d8e-b233-59fbb5fd6fab');
INSERT INTO tool_entity VALUES('afa05fe9-67d6-48b3-9eed-6d15292ea3e5','8180ddd4-e625-4c23-b69f-d17a95f385a8','cf1393e0-7fb9-47a5-ab2c-6d7167eab77c','23e8ebfb-3db6-413f-ba21-700661995a1d','55b1137c-ca24-4817-9427-06f667893c63');
INSERT INTO tool_entity VALUES('afa6caec-a2b1-4576-93ee-4287f4adef74',NULL,'cf1393e0-7fb9-47a5-ab2c-6d7167eab77c','23e8ebfb-3db6-413f-ba21-700661995a1d','e6cea1c1-06ff-484f-ae31-12d212a70cb9');
INSERT INTO tool_entity VALUES('107a5c68-5a85-490e-af42-65ad3f3520b4','8180ddd4-e625-4c23-b69f-d17a95f385a8','cf1393e0-7fb9-47a5-ab2c-6d7167eab77c','26212541-0e45-4ff7-8ccd-fb203b58fe6c','da8075a9-dea7-4faf-a653-e1f6ae5073d7');
INSERT INTO tool_entity VALUES('c56e05e8-3bea-495c-b051-2a2b1b1dbf43',NULL,'cf1393e0-7fb9-47a5-ab2c-6d7167eab77c','26212541-0e45-4ff7-8ccd-fb203b58fe6c','fcb06685-44ec-40e8-a6e9-f6e94b8d0afa');
INSERT INTO tool_entity VALUES('142a65fa-a2e3-4384-a4b5-a074414e7aef','8180ddd4-e625-4c23-b69f-d17a95f385a8','cf1393e0-7fb9-47a5-ab2c-6d7167eab77c','8eb19ce0-34c1-4841-a478-c6a8cf59d155','5db84e61-f7b0-415a-99ef-e6da5b3b99a8');
INSERT INTO tool_entity VALUES('a48637a7-86d6-4380-a660-14cf8a823074',NULL,'cf1393e0-7fb9-47a5-ab2c-6d7167eab77c','8eb19ce0-34c1-4841-a478-c6a8cf59d155','a0df7a5a-f1fb-49f9-a075-93e7faed2d75');
CREATE TABLE IF NOT EXISTS "tool_name_format" (
	"id"	TEXT NOT NULL,
	"tool_type"	INTEGER NOT NULL UNIQUE,
	"format"	TEXT NOT NULL,
	PRIMARY KEY("id","tool_type")
);
CREATE TABLE IF NOT EXISTS "upload_data" (
   "id" INTEGER NOT NULL UNIQUE,
   "date_uploaded" INTEGER NOT NULL,
   PRIMARY KEY("id")
);
COMMIT;
